"";"beta";"mu";"attack.rate";"duration";"degree.pre.epidemic";"degree.min"
"1";2;1;100;21;5.69999980926514;5.40000009536743
"2";2;1.5;40;17;5.69999980926514;3.35999989509583
"3";8;1;100;22;5.69999980926514;5.46666669845581
"4";8;1.5;100;22;5.69999980926514;4.40000009536743
