"";"beta";"mu";"attack.rate";"duration";"degree.pre.epidemic";"degree.min"
"1";2;1;100;17;2.70000004768372;2.40000009536743
"2";2;1.5;20;10;2.70000004768372;1.60000002384186
"3";8;1;80;19.5;2.70000004768372;2.40000009536743
"4";8;1.5;40;13;2.70000004768372;2
